{
  "motif_id": "PF00017",
  "motif_name": "SH2 domain",
  "protein": "sp|Q9NHV9|VAV_DROME Protein vav OS=Drosophila melanogaster OX=7227 GN=Vav PE=1 SV=2",
  "protein_length": 793,
  "window_length": 85,
  "n_windows": 17,
  "windows": [
    {
      "motif_id": "PF00017",
      "motif_name": "SH2 domain",
      "window_length": 85,
      "span": [
        588,
        673
      ],
      "sequence": "SVHKGCISSTGRCKQNPVSVPPPVCDRQLSEFNWFAGNMDRETAAHRLENRRIGTYLLRVRPQGPSTAHETMYALSLKTDDNVIK",
      "zmean": 2.4021415502316703,
      "per_layer_scores": {
        "L11": 10.169582805069513,
        "L22": 10.558574566073892,
        "L33": 7.004911923427012
      },
      "per_layer_zscores": {
        "L11": 2.793229640310744,
        "L22": 2.5127278474126586,
        "L33": 1.9004671629716081
      }
    },
    {
      "motif_id": "PF00017",
      "motif_name": "SH2 domain",
      "window_length": 85,
      "span": [
        630,
        715
      ],
      "sequence": "TAAHRLENRRIGTYLLRVRPQGPSTAHETMYALSLKTDDNVIKHMKINQENSGDSMLYCLSSRRHFKTIVELVSYYERNDLGENF",
      "zmean": 2.308580699288827,
      "per_layer_scores": {
        "L11": 7.470909471044311,
        "L22": 7.912943837367897,
        "L33": 9.39938390324275
      },
      "per_layer_zscores": {
        "L11": 2.262029218271355,
        "L22": 2.106632433390608,
        "L33": 2.5570804462045174
      }
    },
    {
      "motif_id": "PF00017",
      "motif_name": "SH2 domain",
      "window_length": 85,
      "span": [
        672,
        757
      ],
      "sequence": "KHMKINQENSGDSMLYCLSSRRHFKTIVELVSYYERNDLGENFAGLNQSLQWPYKEVIATALYDYEPKAGSNQLQLRTDCQVLVI",
      "zmean": 0.8438391529447139,
      "per_layer_scores": {
        "L11": -3.4105922652508913,
        "L22": 2.9362420614309834,
        "L33": 3.9715298113319193
      },
      "per_layer_zscores": {
        "L11": 0.12014037167989788,
        "L22": 1.3427254579254893,
        "L33": 1.0686516292287547
      }
    },
    {
      "motif_id": "PF00017",
      "motif_name": "SH2 domain",
      "window_length": 85,
      "span": [
        420,
        505
      ],
      "sequence": "NGNGSDLLQYGRLLLDGELHIKAHEDQKTKLRYAFVFDKILIMVKALHIKTGDMQYTYRDSHNLADYRVEQSHSRRTIGRDTRFK",
      "zmean": 0.428253397576073,
      "per_layer_scores": {
        "L11": -1.8307563431396683,
        "L22": -5.484974644420833,
        "L33": 3.0047896046091163
      },
      "per_layer_zscores": {
        "L11": 0.43111150627318645,
        "L22": 0.05009703188472812,
        "L33": 0.8035516545703045
      }
    },
    {
      "motif_id": "PF00017",
      "motif_name": "SH2 domain",
      "window_length": 85,
      "span": [
        504,
        589
      ],
      "sequence": "KYQLLLARKSGKTAFTLYLKSEHERDKWRKALTEAMESLEPPGCQSTDHKMEIYTFDAPTTCRHCSKFLKGRIHQGYRCKVCQIS",
      "zmean": -0.36266495714349906,
      "per_layer_scores": {
        "L11": -7.323015960103015,
        "L22": -5.891289387571999,
        "L33": -1.4781132923219076
      },
      "per_layer_zscores": {
        "L11": -0.6499717762778169,
        "L22": -0.012270913895800427,
        "L33": -0.42575218125687986
      }
    },
    {
      "motif_id": "PF00017",
      "motif_name": "SH2 domain",
      "window_length": 85,
      "span": [
        378,
        463
      ],
      "sequence": "LERAKEAMIDVSQYINEVKRDSDHLVIIQKVKDSICDIHLLQNGNGSDLLQYGRLLLDGELHIKAHEDQKTKLRYAFVFDKILIM",
      "zmean": 0.02924747704263525,
      "per_layer_scores": {
        "L11": -3.2795083175958784,
        "L22": -6.140864787831409,
        "L33": 0.04668846406388899
      },
      "per_layer_zscores": {
        "L11": 0.14594262326737434,
        "L22": -0.0505798979873316,
        "L33": -0.007620294152136995
      }
    },
    {
      "motif_id": "PF00017",
      "motif_name": "SH2 domain",
      "window_length": 85,
      "span": [
        42,
        127
      ],
      "sequence": "PDAEIRILAMTLRDGVLLCNLVIHLDPSSLDPREFNRKPQMAQFLCSKNIKLFLDVCHNNFGIRDADLFEPTMLYDLTNFHRVLI",
      "zmean": -0.04590991952804704,
      "per_layer_scores": {
        "L11": -4.643553896835729,
        "L22": -6.5198859969955665,
        "L33": 0.41574100315260587
      },
      "per_layer_zscores": {
        "L11": -0.12255285495059275,
        "L22": -0.1087583781465563,
        "L33": 0.09358147451300795
      }
    },
    {
      "motif_id": "PF00017",
      "motif_name": "SH2 domain",
      "window_length": 85,
      "span": [
        0,
        85
      ],
      "sequence": "MASSSSSNSFGGVAGVNGDLWRECVAWLTRCKVIPPDHKAAQPDAEIRILAMTLRDGVLLCNLVIHLDPSSLDPREFNRKPQMAQ",
      "zmean": -0.5634046579121433,
      "per_layer_scores": {
        "L11": -6.710829411108456,
        "L22": -6.864106144095399,
        "L33": -3.5691180189179494
      },
      "per_layer_zscores": {
        "L11": -0.5294704361961313,
        "L22": -0.16159501238825508,
        "L33": -0.9991485251520437
      }
    },
    {
      "motif_id": "PF00017",
      "motif_name": "SH2 domain",
      "window_length": 85,
      "span": [
        546,
        631
      ],
      "sequence": "GCQSTDHKMEIYTFDAPTTCRHCSKFLKGRIHQGYRCKVCQISVHKGCISSTGRCKQNPVSVPPPVCDRQLSEFNWFAGNMDRET",
      "zmean": -0.5773918276308271,
      "per_layer_scores": {
        "L11": -8.642189663780094,
        "L22": -7.6543669859057015,
        "L33": -1.8934401235559826
      },
      "per_layer_zscores": {
        "L11": -0.9096347815409744,
        "L22": -0.28289739229270033,
        "L33": -0.5396433090588064
      }
    },
    {
      "motif_id": "PF00017",
      "motif_name": "SH2 domain",
      "window_length": 85,
      "span": [
        462,
        547
      ],
      "sequence": "MVKALHIKTGDMQYTYRDSHNLADYRVEQSHSRRTIGRDTRFKYQLLLARKSGKTAFTLYLKSEHERDKWRKALTEAMESLEPPG",
      "zmean": -0.22847524879203018,
      "per_layer_scores": {
        "L11": -5.3686632130783885,
        "L22": -7.670973264603771,
        "L33": -0.4167247846750415
      },
      "per_layer_zscores": {
        "L11": -0.2652816431875453,
        "L22": -0.2854464001909252,
        "L33": -0.1346977029976201
      }
    },
    {
      "motif_id": "PF00017",
      "motif_name": "SH2 domain",
      "window_length": 85,
      "span": [
        126,
        211
      ],
      "sequence": "ITLSKLSQCRKVQQLHPDLIGFNLQLSPTERSHSDEAIYKDLHSTTTDNIACNGTGYDHTNTKEEEVYQDLCALHRTSRSQTASS",
      "zmean": -0.510153232320057,
      "per_layer_scores": {
        "L11": -5.733569812847248,
        "L22": -8.347057375684159,
        "L33": -2.8579353821021507
      },
      "per_layer_zscores": {
        "L11": -0.3371089878899356,
        "L22": -0.38922303614540993,
        "L33": -0.8041276729248257
      }
    },
    {
      "motif_id": "PF00017",
      "motif_name": "SH2 domain",
      "window_length": 85,
      "span": [
        168,
        253
      ],
      "sequence": "HSTTTDNIACNGTGYDHTNTKEEEVYQDLCALHRTSRSQTASSTSFEQRDYVIRELIDTESNYLDVLTALKTKFMGPLERHLNQD",
      "zmean": -0.5105296851635289,
      "per_layer_scores": {
        "L11": -3.7000468261328927,
        "L22": -9.216422602180323,
        "L33": -3.8350999058650532
      },
      "per_layer_zscores": {
        "L11": 0.06316482633947418,
        "L22": -0.5226676729043017,
        "L33": -1.072086208925759
      }
    },
    {
      "motif_id": "PF00017",
      "motif_name": "SH2 domain",
      "window_length": 85,
      "span": [
        336,
        421
      ],
      "sequence": "YNVGKLQLRDILSVPMQRILKYHLLLDKLVKETSPLHDDYRSLERAKEAMIDVSQYINEVKRDSDHLVIIQKVKDSICDIHLLQN",
      "zmean": -0.6026262179360597,
      "per_layer_scores": {
        "L11": -8.403557715521055,
        "L22": -9.351358165097716,
        "L33": -1.3908973694716096
      },
      "per_layer_zscores": {
        "L11": -0.8626630380442495,
        "L22": -0.5433798277393186,
        "L33": -0.4018357880246111
      }
    },
    {
      "motif_id": "PF00017",
      "motif_name": "SH2 domain",
      "window_length": 85,
      "span": [
        84,
        169
      ],