{
  "motif_id": "PF00130",
  "motif_name": "Phorbol esters/diacylglycerol binding domain (C1 domain)",
  "protein": "sp|Q9NHV9|VAV_DROME Protein vav OS=Drosophila melanogaster OX=7227 GN=Vav PE=1 SV=2",
  "protein_length": 793,
  "window_length": 61,
  "n_windows": 25,
  "windows": [
    {
      "motif_id": "PF00130",
      "motif_name": "Phorbol esters/diacylglycerol binding domain (C1 domain)",
      "window_length": 61,
      "span": [
        540,
        601
      ],
      "sequence": "ESLEPPGCQSTDHKMEIYTFDAPTTCRHCSKFLKGRIHQGYRCKVCQISVHKGCISSTGRC",
      "zmean": 3.726835504886845,
      "per_layer_scores": {
        "L11": 14.325656010624868,
        "L22": 14.057718362447527,
        "L33": 8.032939316212918
      },
      "per_layer_zscores": {
        "L11": 3.7703568508494043,
        "L22": 3.672675297987044,
        "L33": 3.737474365824087
      }
    },
    {
      "motif_id": "PF00130",
      "motif_name": "Phorbol esters/diacylglycerol binding domain (C1 domain)",
      "window_length": 61,
      "span": [
        570,
        631
      ],
      "sequence": "KFLKGRIHQGYRCKVCQISVHKGCISSTGRCKQNPVSVPPPVCDRQLSEFNWFAGNMDRET",
      "zmean": 2.2578128959895185,
      "per_layer_scores": {
        "L11": 7.4866926251294075,
        "L22": 5.16057105030591,
        "L33": 1.1510551418599007
      },
      "per_layer_zscores": {
        "L11": 2.685115655819417,
        "L22": 2.321647380110053,
        "L33": 1.7666756520390852
      }
    },
    {
      "motif_id": "PF00130",
      "motif_name": "Phorbol esters/diacylglycerol binding domain (C1 domain)",
      "window_length": 61,
      "span": [
        510,
        571
      ],
      "sequence": "ARKSGKTAFTLYLKSEHERDKWRKALTEAMESLEPPGCQSTDHKMEIYTFDAPTTCRHCSK",
      "zmean": 0.9092074303918083,
      "per_layer_scores": {
        "L11": -7.503919174186251,
        "L22": -0.5631589366924931,
        "L33": -1.6350993393353725
      },
      "per_layer_zscores": {
        "L11": 0.3063297863376266,
        "L22": 1.452501491486661,
        "L33": 0.9687910133511373
      }
    },
    {
      "motif_id": "PF00130",
      "motif_name": "Phorbol esters/diacylglycerol binding domain (C1 domain)",
      "window_length": 61,
      "span": [
        420,
        481
      ],
      "sequence": "NGNGSDLLQYGRLLLDGELHIKAHEDQKTKLRYAFVFDKILIMVKALHIKTGDMQYTYRDS",
      "zmean": 0.384242445696456,
      "per_layer_scores": {
        "L11": -7.684336585733205,
        "L22": -9.738235066686833,
        "L33": -2.169483240796013
      },
      "per_layer_zscores": {
        "L11": 0.2777002417305167,
        "L22": 0.059270204492789545,
        "L33": 0.8157568908660618
      }
    },
    {
      "motif_id": "PF00130",
      "motif_name": "Phorbol esters/diacylglycerol binding domain (C1 domain)",
      "window_length": 61,
      "span": [
        720,
        781
      ],
      "sequence": "SLQWPYKEVIATALYDYEPKAGSNQLQLRTDCQVLVIGKDGDSKGWWRGKIGDTVGYFPKE",
      "zmean": 0.16327582859089715,
      "per_layer_scores": {
        "L11": -8.073210616680562,
        "L22": -9.744752775534728,
        "L33": -4.265343256225211
      },
      "per_layer_zscores": {
        "L11": 0.21599174962826462,
        "L22": 0.05828049326230526,
        "L33": 0.21555524288212155
      }
    },
    {
      "motif_id": "PF00130",
      "motif_name": "Phorbol esters/diacylglycerol binding domain (C1 domain)",
      "window_length": 61,
      "span": [
        450,
        511
      ],
      "sequence": "LRYAFVFDKILIMVKALHIKTGDMQYTYRDSHNLADYRVEQSHSRRTIGRDTRFKYQLLLA",
      "zmean": 0.024771152279308577,
      "per_layer_scores": {
        "L11": -11.702490078265653,
        "L22": -9.968261739358404,
        "L33": -3.586728991587406
      },
      "per_layer_zscores": {
        "L11": -0.3599206157371846,
        "L22": 0.02434075511618498,
        "L33": 0.4098933174589253
      }
    },
    {
      "motif_id": "PF00130",
      "motif_name": "Phorbol esters/diacylglycerol binding domain (C1 domain)",
      "window_length": 61,
      "span": [
        690,
        751
      ],
      "sequence": "SSRRHFKTIVELVSYYERNDLGENFAGLNQSLQWPYKEVIATALYDYEPKAGSNQLQLRTD",
      "zmean": -0.07866220981307787,
      "per_layer_scores": {
        "L11": -10.760053270866758,
        "L22": -10.800653662631245,
        "L33": -4.751120119114013
      },
      "per_layer_zscores": {
        "L11": -0.21036999096399375,
        "L22": -0.10205759342214364,
        "L33": 0.0764409549469038
      }
    },
    {
      "motif_id": "PF00130",
      "motif_name": "Phorbol esters/diacylglycerol binding domain (C1 domain)",
      "window_length": 61,
      "span": [
        480,
        541
      ],
      "sequence": "SHNLADYRVEQSHSRRTIGRDTRFKYQLLLARKSGKTAFTLYLKSEHERDKWRKALTEAME",
      "zmean": -0.033174155413205286,
      "per_layer_scores": {
        "L11": -11.606999540972573,
        "L22": -11.086164254853411,
        "L33": -3.6538991172275663
      },
      "per_layer_zscores": {
        "L11": -0.34476769577481386,
        "L22": -0.14541225165235466,
        "L33": 0.39065748118755267
      }
    },
    {
      "motif_id": "PF00130",
      "motif_name": "Phorbol esters/diacylglycerol binding domain (C1 domain)",
      "window_length": 61,
      "span": [
        630,
        691
      ],
      "sequence": "TAAHRLENRRIGTYLLRVRPQGPSTAHETMYALSLKTDDNVIKHMKINQENSGDSMLYCLS",
      "zmean": -0.1341854968593842,
      "per_layer_scores": {
        "L11": -10.678829000342398,
        "L22": -11.225961291919358,
        "L33": -5.152259225052739
      },
      "per_layer_zscores": {
        "L11": -0.19748091414918809,
        "L22": -0.16664037042867688,
        "L33": -0.03843520600028763
      }
    },
    {
      "motif_id": "PF00130",
      "motif_name": "Phorbol esters/diacylglycerol binding domain (C1 domain)",
      "window_length": 61,
      "span": [
        210,
        271
      ],
      "sequence": "STSFEQRDYVIRELIDTESNYLDVLTALKTKFMGPLERHLNQDELRLIFPRIRELVDIHTK",
      "zmean": -0.2028723034443347,
      "per_layer_scores": {
        "L11": -11.271931826044268,
        "L22": -11.318915819130144,
        "L33": -5.493870090228435
      },
      "per_layer_zscores": {
        "L11": -0.291597461213247,
        "L22": -0.18075547462431585,
        "L33": -0.13626397449544128
      }
    },
    {
      "motif_id": "PF00130",
      "motif_name": "Phorbol esters/diacylglycerol binding domain (C1 domain)",
      "window_length": 61,
      "span": [
        600,
        661
      ],
      "sequence": "CKQNPVSVPPPVCDRQLSEFNWFAGNMDRETAAHRLENRRIGTYLLRVRPQGPSTAHETMY",
      "zmean": -0.23554237781533918,
      "per_layer_scores": {
        "L11": -10.589688144430697,
        "L22": -11.351194571727927,
        "L33": -6.197041333541797
      },
      "per_layer_zscores": {
        "L11": -0.18333559364626192,
        "L22": -0.18565698905179273,
        "L33": -0.3376345507479629
      }
    },
    {
      "motif_id": "PF00130",
      "motif_name": "Phorbol esters/diacylglycerol binding domain (C1 domain)",
      "window_length": 61,
      "span": [
        300,
        361
      ],
      "sequence": "IYGEFCSLLLGAIDYLADVCKKNQIIDQLVQKCERDYNVGKLQLRDILSVPMQRILKYHLL",
      "zmean": -0.23886006220324166,
      "per_layer_scores": {
        "L11": -10.065643660980765,
        "L22": -11.758480051345934,
        "L33": -6.306216249381793
      },
      "per_layer_zscores": {
        "L11": -0.10017757255285384,
        "L22": -0.24750311053378013,
        "L33": -0.368899503523091
      }
    },
    {
      "motif_id": "PF00130",
      "motif_name": "Phorbol esters/diacylglycerol binding domain (C1 domain)",
      "window_length": 61,
      "span": [
        180,
        241
      ],
      "sequence": "TGYDHTNTKEEEVYQDLCALHRTSRSQTASSTSFEQRDYVIRELIDTESNYLDVLTALKTK",
      "zmean": -0.3307140377555239,
      "per_layer_scores": {
        "L11": -9.381418700793947,
        "L22": -11.916722699876281,
        "L33": -7.563690802206576
      },